"serumID","dilutions","outcome","sample","barcode"
"M129487",8,2,1,"22222221"
"M129487",16,2,1,"22222221"
"M129487",32,2,1,"22222221"
"M129487",64,2,1,"22222221"
"M129487",128,2,1,"22222221"
"M129487",256,2,1,"22222221"
"M129487",512,2,1,"22222221"
"M129487",1024,1,1,"22222221"
"M129488",8,2,2,"22222200"
"M129488",16,2,2,"22222200"
"M129488",32,2,2,"22222200"
"M129488",64,2,2,"22222200"
"M129488",128,2,2,"22222200"
"M129488",256,2,2,"22222200"
"M129488",512,0,2,"22222200"
"M129488",1024,0,2,"22222200"
"M129489",8,2,3,"22221000"
"M129489",16,2,3,"22221000"
"M129489",32,2,3,"22221000"
"M129489",64,2,3,"22221000"
"M129489",128,1,3,"22221000"
"M129489",256,0,3,"22221000"
"M129489",512,0,3,"22221000"
"M129489",1024,0,3,"22221000"
"M129499",8,2,4,"22222210"
"M129499",16,2,4,"22222210"
"M129499",32,2,4,"22222210"
"M129499",64,2,4,"22222210"
"M129499",128,2,4,"22222210"
"M129499",256,2,4,"22222210"
"M129499",512,1,4,"22222210"
"M129499",1024,0,4,"22222210"
"M129511",8,2,5,"22222100"
"M129511",16,2,5,"22222100"
"M129511",32,2,5,"22222100"
"M129511",64,2,5,"22222100"
"M129511",128,2,5,"22222100"
"M129511",256,1,5,"22222100"
"M129511",512,0,5,"22222100"
"M129511",1024,0,5,"22222100"
"M129512",8,2,6,"22200000"
"M129512",16,2,6,"22200000"
"M129512",32,2,6,"22200000"
"M129512",64,0,6,"22200000"
"M129512",128,0,6,"22200000"
"M129512",256,0,6,"22200000"
"M129512",512,0,6,"22200000"
"M129512",1024,0,6,"22200000"
"M129551",8,1,11,"10000000"
"M129551",16,0,11,"10000000"
"M129551",32,0,11,"10000000"
"M129551",64,0,11,"10000000"
"M129551",128,0,11,"10000000"
"M129551",256,0,11,"10000000"
"M129551",512,0,11,"10000000"
"M129551",1024,0,11,"10000000"
"M129559",8,2,12,"22222222"
"M129559",16,2,12,"22222222"
"M129559",32,2,12,"22222222"
"M129559",64,2,12,"22222222"
"M129559",128,2,12,"22222222"
"M129559",256,2,12,"22222222"
"M129559",512,2,12,"22222222"
"M129559",1024,2,12,"22222222"
"M129575",8,2,17,"21000000"
"M129575",16,1,17,"21000000"
"M129575",32,0,17,"21000000"
"M129575",64,0,17,"21000000"
"M129575",128,0,17,"21000000"
"M129575",256,0,17,"21000000"
"M129575",512,0,17,"21000000"
"M129575",1024,0,17,"21000000"
"M129619",8,2,22,"22220000"
"M129619",16,2,22,"22220000"
"M129619",32,2,22,"22220000"
"M129619",64,2,22,"22220000"
"M129619",128,0,22,"22220000"
"M129619",256,0,22,"22220000"
"M129619",512,0,22,"22220000"
"M129619",1024,0,22,"22220000"
"M129656",8,2,27,"22222220"
"M129656",16,2,27,"22222220"
"M129656",32,2,27,"22222220"
"M129656",64,2,27,"22222220"
"M129656",128,2,27,"22222220"
"M129656",256,2,27,"22222220"
"M129656",512,2,27,"22222220"
"M129656",1024,0,27,"22222220"
"M129669",8,2,29,"22000000"
"M129669",16,2,29,"22000000"
"M129669",32,0,29,"22000000"
"M129669",64,0,29,"22000000"
"M129669",128,0,29,"22000000"
"M129669",256,0,29,"22000000"
"M129669",512,0,29,"22000000"
"M129669",1024,0,29,"22000000"
"M129703",8,2,33,"22100000"
"M129703",16,2,33,"22100000"
"M129703",32,1,33,"22100000"
"M129703",64,0,33,"22100000"
"M129703",128,0,33,"22100000"
"M129703",256,0,33,"22100000"
"M129703",512,0,33,"22100000"
"M129703",1024,0,33,"22100000"
"M129823",8,2,45,"22210000"
"M129823",16,2,45,"22210000"
"M129823",32,2,45,"22210000"
"M129823",64,1,45,"22210000"
"M129823",128,0,45,"22210000"
"M129823",256,0,45,"22210000"
"M129823",512,0,45,"22210000"
"M129823",1024,0,45,"22210000"
"M129849",8,2,49,"22222000"
"M129849",16,2,49,"22222000"
"M129849",32,2,49,"22222000"
"M129849",64,2,49,"22222000"
"M129849",128,2,49,"22222000"
"M129849",256,0,49,"22222000"
"M129849",512,0,49,"22222000"
"M129849",1024,0,49,"22222000"
"M129874",8,2,53,"20000000"
"M129874",16,0,53,"20000000"
"M129874",32,0,53,"20000000"
"M129874",64,0,53,"20000000"
"M129874",128,0,53,"20000000"
"M129874",256,0,53,"20000000"
"M129874",512,0,53,"20000000"
"M129874",1024,0,53,"20000000"
